DeployID,Ptt,DepthSensor,Source,Instr,HistType,Date,Time Offset,Count,BadTherm,LocationQuality,Latitude,Longitude,NumBins,Sum,Bin1,Bin2,Bin3,Bin4,Bin5,Bin6,Bin7,Bin8,Bin9,Bin10,Bin11,Bin12,Bin13,Bin14,Bin15,Bin16,Bin17,Bin18,Bin19,Bin20,Bin21,Bin22,Bin23,Bin24,Bin25,Bin26,Bin27,Bin28,Bin29,Bin30,Bin31,Bin32,Bin33,Bin34,Bin35,Bin36,Bin37,Bin38,Bin39,Bin40,Bin41,Bin42,Bin43,Bin44,Bin45,Bin46,Bin47,Bin48,Bin49,Bin50,Bin51,Bin52,Bin53,Bin54,Bin55,Bin56,Bin57,Bin58,Bin59,Bin60,Bin61,Bin62,Bin63,Bin64,Bin65,Bin66,Bin67,Bin68,Bin69,Bin70,Bin71,Bin72
224328,224328,0.500000,Transmission,UT,TATLIMITS,,,,,,,,,,21.000000,23.000000,24.000000,25.000000,26.000000,27.000000,28.000000,29.000000,30.000000,31.000000,32.000000,60.000000,>60.000000,,,,,,,,,,,,,,,,,,,,,,,,,,,,,,,,,,,,,,,,,,,,,,,,,,,,,,,,,,,
224328,224328,0.500000,Transmission,UT,TAT,04:00:00 13-Jul-2022,-25.000000,4,,,,,12,100,0,0,0,0,0,0,0,0,10.4,59.0,10.4,20.1,,,,,,,,,,,,,,,,,,,,,,,,,,,,,,,,,,,,,,,,,,,,,,,,,,,,,,,,,,,,
224328,224328,0.500000,Transmission,UT,TAT,06:00:00 13-Jul-2022,-25.000000,4,,,,,12,100,0,0,0,0,0,0,0,0,16.1,83.9,0,0,,,,,,,,,,,,,,,,,,,,,,,,,,,,,,,,,,,,,,,,,,,,,,,,,,,,,,,,,,,,
224328,224328,0.500000,Transmission,UT,TAT,12:00:00 13-Jul-2022,-25.000000,2,,,,,12,100,0,0,0,0,0,0,0,0,97.7,2.3,0,0,,,,,,,,,,,,,,,,,,,,,,,,,,,,,,,,,,,,,,,,,,,,,,,,,,,,,,,,,,,,
224328,224328,0.500000,Transmission,UT,TAT,18:00:00 13-Jul-2022,-25.000000,1,,,,,12,100,0,0,0,0,0,0,0,0,96.6,3.4,0,0,,,,,,,,,,,,,,,,,,,,,,,,,,,,,,,,,,,,,,,,,,,,,,,,,,,,,,,,,,,,
224328,224328,0.500000,Transmission,UT,TAT,00:00:00 14-Jul-2022,-26.000000,1,,,,,12,100,0,0,0,0,0,0,0,0,79.7,20.3,0,0,,,,,,,,,,,,,,,,,,,,,,,,,,,,,,,,,,,,,,,,,,,,,,,,,,,,,,,,,,,,
224328,224328,0.500000,Transmission,UT,TAT,06:00:00 14-Jul-2022,-26.000000,1,,,,,12,100,0,0,0,0,0,0,0,0,98.5,1.5,0,0,,,,,,,,,,,,,,,,,,,,,,,,,,,,,,,,,,,,,,,,,,,,,,,,,,,,,,,,,,,,
224328,224328,0.500000,Transmission,UT,TAT,12:00:00 14-Jul-2022,-26.000000,1,,,,,12,100,0,0,0,0,0,0,0,0,99.6,0.4,0,0,,,,,,,,,,,,,,,,,,,,,,,,,,,,,,,,,,,,,,,,,,,,,,,,,,,,,,,,,,,,
224328,224328,0.500000,Transmission,UT,TAT,18:00:00 14-Jul-2022,-27.000000,1,,,,,12,100,0,0,0,0,0,0,0,0,99.6,0.4,0,0,,,,,,,,,,,,,,,,,,,,,,,,,,,,,,,,,,,,,,,,,,,,,,,,,,,,,,,,,,,,
224328,224328,0.500000,Transmission,UT,TAT,00:00:00 15-Jul-2022,-27.000000,3,,,,,12,100,0,0,0,0,0,0,0,0,74.6,25.4,0,0,,,,,,,,,,,,,,,,,,,,,,,,,,,,,,,,,,,,,,,,,,,,,,,,,,,,,,,,,,,,
224328,224328,0.500000,Transmission,UT,TAT,06:00:00 15-Jul-2022,-27.000000,3,,,,,12,100,0,0,0,0,0,0,0,0,53.2,46.8,0,0,,,,,,,,,,,,,,,,,,,,,,,,,,,,,,,,,,,,,,,,,,,,,,,,,,,,,,,,,,,,
224328,224328,0.500000,Transmission,UT,TAT,06:00:00 16-Jul-2022,-28.000000,4,,,,,12,100,0,0,0,0,0,0,0,0,45.3,54.7,0,0,,,,,,,,,,,,,,,,,,,,,,,,,,,,,,,,,,,,,,,,,,,,,,,,,,,,,,,,,,,,
224328,224328,0.500000,Transmission,UT,TAT,12:00:00 16-Jul-2022,-28.000000,4,,,,,12,100,0,0,0,0,0,0,0,0,99.6,0.4,0,0,,,,,,,,,,,,,,,,,,,,,,,,,,,,,,,,,,,,,,,,,,,,,,,,,,,,,,,,,,,,
224328,224328,0.500000,Transmission,UT,TAT,18:00:00 16-Jul-2022,-29.000000,1,,,,,12,100,0,0,0,0,0,0,0,0,99.6,0.4,0,0,,,,,,,,,,,,,,,,,,,,,,,,,,,,,,,,,,,,,,,,,,,,,,,,,,,,,,,,,,,,
224328,224328,0.500000,Transmission,UT,TAT,00:00:00 17-Jul-2022,-29.000000,3,,,,,12,100,0,0,0,0,0,0,0,0,27.8,72.2,0,0,,,,,,,,,,,,,,,,,,,,,,,,,,,,,,,,,,,,,,,,,,,,,,,,,,,,,,,,,,,,
224328,224328,0.500000,Transmission,UT,TAT,06:00:00 17-Jul-2022,-29.000000,3,,,,,12,100,0,0,0,0,0,0,0,0,85.9,14.1,0,0,,,,,,,,,,,,,,,,,,,,,,,,,,,,,,,,,,,,,,,,,,,,,,,,,,,,,,,,,,,,
224328,224328,0.500000,Transmission,UT,TAT,06:00:00 18-Jul-2022,-30.000000,1,,,,,12,100,0,0,0,0,0,0,0,0,5.9,94.1,0,0,,,,,,,,,,,,,,,,,,,,,,,,,,,,,,,,,,,,,,,,,,,,,,,,,,,,,,,,,,,,
224328,224328,0.500000,Transmission,UT,TAT,12:00:00 18-Jul-2022,-31.000000,2,,,,,12,100,0,0,0,0,0,0,0,0,87.9,12.1,0,0,,,,,,,,,,,,,,,,,,,,,,,,,,,,,,,,,,,,,,,,,,,,,,,,,,,,,,,,,,,,
224328,224328,0.500000,Transmission,UT,TAT,00:00:00 19-Jul-2022,-31.000000,1,,,,,12,100,0,0,0,0,0,0,0,0,6.6,93.4,0,0,,,,,,,,,,,,,,,,,,,,,,,,,,,,,,,,,,,,,,,,,,,,,,,,,,,,,,,,,,,,
224328,224328,0.500000,Transmission,UT,TAT,06:00:00 19-Jul-2022,-31.000000,1,,,,,12,100,0,0,0,0,0,0,0,0,0,100,0,0,,,,,,,,,,,,,,,,,,,,,,,,,,,,,,,,,,,,,,,,,,,,,,,,,,,,,,,,,,,,
224328,224328,0.500000,Transmission,UT,TAT,12:00:00 19-Jul-2022,-32.000000,2,,,,,12,100,0,0,0,0,0,0,0,0,7.3,92.7,0,0,,,,,,,,,,,,,,,,,,,,,,,,,,,,,,,,,,,,,,,,,,,,,,,,,,,,,,,,,,,,
224328,224328,0.500000,Transmission,UT,TAT,18:00:00 20-Jul-2022,-33.000000,1,,,,,12,100,0,0,0,0,0,0,0,0,80.4,19.6,0,0,,,,,,,,,,,,,,,,,,,,,,,,,,,,,,,,,,,,,,,,,,,,,,,,,,,,,,,,,,,,
224328,224328,0.500000,Transmission,UT,TAT,12:00:00 21-Jul-2022,-34.000000,1,,,,,12,100,0,0,0,0,0,0,0,0,99.6,0.4,0,0,,,,,,,,,,,,,,,,,,,,,,,,,,,,,,,,,,,,,,,,,,,,,,,,,,,,,,,,,,,,
224328,224328,0.500000,Transmission,UT,TAT,06:00:00 22-Jul-2022,-35.000000,2,,,,,12,100,0,0,0,0,0,0,0,0,89.2,10.8,0,0,,,,,,,,,,,,,,,,,,,,,,,,,,,,,,,,,,,,,,,,,,,,,,,,,,,,,,,,,,,,
224328,224328,0.500000,Transmission,UT,TAT,12:00:00 22-Jul-2022,-35.000000,2,,,,,12,100,0,0,0,0,0,0,0,0,99.6,0.4,0,0,,,,,,,,,,,,,,,,,,,,,,,,,,,,,,,,,,,,,,,,,,,,,,,,,,,,,,,,,,,,
224328,224328,0.500000,Transmission,UT,TAT,00:00:00 23-Jul-2022,-35.000000,1,,,,,12,100,0,0,0,0,0,0,0,0,40.4,59.6,0,0,,,,,,,,,,,,,,,,,,,,,,,,,,,,,,,,,,,,,,,,,,,,,,,,,,,,,,,,,,,,
224328,224328,0.500000,Transmission,UT,TAT,06:00:00 23-Jul-2022,-36.000000,1,,,,,12,100,0,0,0,0,0,0,0,0,88.5,11.5,0,0,,,,,,,,,,,,,,,,,,,,,,,,,,,,,,,,,,,,,,,,,,,,,,,,,,,,,,,,,,,,
224328,224328,0.500000,Transmission,UT,TAT,12:00:00 23-Jul-2022,-36.000000,1,,,,,12,100,0,0,0,0,0,0,0,0,99.6,0.4,0,0,,,,,,,,,,,,,,,,,,,,,,,,,,,,,,,,,,,,,,,,,,,,,,,,,,,,,,,,,,,,
224328,224328,0.500000,Transmission,UT,TAT,18:00:00 23-Jul-2022,-36.000000,1,,,,,12,100,0,0,0,0,0,0,0,0,77.5,22.5,0,0,,,,,,,,,,,,,,,,,,,,,,,,,,,,,,,,,,,,,,,,,,,,,,,,,,,,,,,,,,,,
224328,224328,0.500000,Transmission,UT,TAT,00:00:00 24-Jul-2022,-37.000000,1,,,,,12,100,0,0,0,0,0,0,0,0,8.9,91.1,0,0,,,,,,,,,,,,,,,,,,,,,,,,,,,,,,,,,,,,,,,,,,,,,,,,,,,,,,,,,,,,
224328,224328,0.500000,Transmission,UT,TAT,18:00:00 24-Jul-2022,-37.000000,2,,,,,12,100,0,0,0,0,0,0,0,0,39.4,60.6,0,0,,,,,,,,,,,,,,,,,,,,,,,,,,,,,,,,,,,,,,,,,,,,,,,,,,,,,,,,,,,,
224328,224328,0.500000,Transmission,UT,TAT,00:00:00 25-Jul-2022,-38.000000,1,,,,,12,100,0,0,0,0,0,0,0,0,0,99.6,0.4,0,,,,,,,,,,,,,,,,,,,,,,,,,,,,,,,,,,,,,,,,,,,,,,,,,,,,,,,,,,,,
224328,224328,0.500000,Transmission,UT,TAT,06:00:00 25-Jul-2022,-38.000000,2,,,,,12,100,0,0,0,0,0,0,0,0,0,100,0,0,,,,,,,,,,,,,,,,,,,,,,,,,,,,,,,,,,,,,,,,,,,,,,,,,,,,,,,,,,,,
224328,224328,0.500000,Transmission,UT,TAT,18:00:00 25-Jul-2022,-38.000000,2,,,,,12,100,0,0,0,0,0,0,0,0,92.4,7.6,0,0,,,,,,,,,,,,,,,,,,,,,,,,,,,,,,,,,,,,,,,,,,,,,,,,,,,,,,,,,,,,
224328,224328,0.500000,Transmission,UT,TAT,00:00:00 26-Jul-2022,-39.000000,2,,,,,12,100,0,0,0,0,0,0,0,0,82.0,18.0,0,0,,,,,,,,,,,,,,,,,,,,,,,,,,,,,,,,,,,,,,,,,,,,,,,,,,,,,,,,,,,,
224328,224328,0.500000,Transmission,UT,TAT,06:00:00 26-Jul-2022,-39.000000,1,,,,,12,100,0,0,0,0,0,0,0,0,99.2,0.8,0,0,,,,,,,,,,,,,,,,,,,,,,,,,,,,,,,,,,,,,,,,,,,,,,,,,,,,,,,,,,,,
224328,224328,0.500000,Transmission,UT,TAT,12:00:00 26-Jul-2022,-39.000000,2,,,,,12,100,0,0,0,0,0,0,0,0,99.6,0.4,0,0,,,,,,,,,,,,,,,,,,,,,,,,,,,,,,,,,,,,,,,,,,,,,,,,,,,,,,,,,,,,
224328,224328,0.500000,Transmission,UT,TAT,18:00:00 26-Jul-2022,-40.000000,1,,,,,12,100,0,0,0,0,0,0,0,0,99.6,0.4,0,0,,,,,,,,,,,,,,,,,,,,,,,,,,,,,,,,,,,,,,,,,,,,,,,,,,,,,,,,,,,,
224328,224328,0.500000,Transmission,UT,TAT,00:00:00 27-Jul-2022,-40.000000,2,,,,,12,100,0,0,0,0,0,0,0,0,99.6,0.4,0,0,,,,,,,,,,,,,,,,,,,,,,,,,,,,,,,,,,,,,,,,,,,,,,,,,,,,,,,,,,,,
224328,224328,0.500000,Transmission,UT,TAT,06:00:00 27-Jul-2022,-40.000000,2,,,,,12,100,0,0,0,0,0,0,0,0,100,0,0,0,,,,,,,,,,,,,,,,,,,,,,,,,,,,,,,,,,,,,,,,,,,,,,,,,,,,,,,,,,,,
224328,224328,0.500000,Transmission,UT,TAT,12:00:00 27-Jul-2022,-40.000000,3,,,,,12,100,0,0,0,0,0,0,0,0,100,0,0,0,,,,,,,,,,,,,,,,,,,,,,,,,,,,,,,,,,,,,,,,,,,,,,,,,,,,,,,,,,,,
224328,224328,0.500000,Transmission,UT,TAT,18:00:00 27-Jul-2022,-41.000000,1,,,,,12,100,0,0,0,0,0,0,0,0,100,0,0,0,,,,,,,,,,,,,,,,,,,,,,,,,,,,,,,,,,,,,,,,,,,,,,,,,,,,,,,,,,,,
224328,224328,0.500000,Transmission,UT,TAT,00:00:00 28-Jul-2022,-41.000000,1,,,,,12,100,0,0,0,0,0,0,0,0,90.7,9.3,0,0,,,,,,,,,,,,,,,,,,,,,,,,,,,,,,,,,,,,,,,,,,,,,,,,,,,,,,,,,,,,
224328,224328,0.500000,Transmission,UT,TAT,06:00:00 28-Jul-2022,-41.000000,1,,,,,12,100,0,0,0,0,0,0,0,0,57.3,42.7,0,0,,,,,,,,,,,,,,,,,,,,,,,,,,,,,,,,,,,,,,,,,,,,,,,,,,,,,,,,,,,,
224328,224328,0.500000,Transmission,UT,TAT,12:00:00 28-Jul-2022,-41.000000,2,,,,,12,100,0,0,0,0,0,0,0,0,99.6,0.4,0,0,,,,,,,,,,,,,,,,,,,,,,,,,,,,,,,,,,,,,,,,,,,,,,,,,,,,,,,,,,,,
224328,224328,0.500000,Transmission,UT,TAT,18:00:00 28-Jul-2022,-42.000000,2,,,,,12,100,0,0,0,0,0,0,0,0,95.9,4.1,0,0,,,,,,,,,,,,,,,,,,,,,,,,,,,,,,,,,,,,,,,,,,,,,,,,,,,,,,,,,,,,
224328,224328,0.500000,Transmission,UT,TAT,00:00:00 29-Jul-2022,-42.000000,2,,,,,12,100,0,0,0,0,0,0,0,0,87.6,12.4,0,0,,,,,,,,,,,,,,,,,,,,,,,,,,,,,,,,,,,,,,,,,,,,,,,,,,,,,,,,,,,,
224328,224328,0.500000,Transmission,UT,TAT,06:00:00 29-Jul-2022,-42.000000,2,,,,,12,100,0,0,0,0,0,0,0,0,99.6,0.4,0,0,,,,,,,,,,,,,,,,,,,,,,,,,,,,,,,,,,,,,,,,,,,,,,,,,,,,,,,,,,,,
224328,224328,0.500000,Transmission,UT,TAT,12:00:00 29-Jul-2022,-42.000000,1,,,,,12,100,0,0,0,0,0,0,0,0,100,0,0,0,,,,,,,,,,,,,,,,,,,,,,,,,,,,,,,,,,,,,,,,,,,,,,,,,,,,,,,,,,,,
224328,224328,0.500000,Transmission,UT,TAT,18:00:00 29-Jul-2022,-43.000000,1,,,,,12,100,0,0,0,0,0,0,0,0,100,0,0,0,,,,,,,,,,,,,,,,,,,,,,,,,,,,,,,,,,,,,,,,,,,,,,,,,,,,,,,,,,,,
224328,224328,0.500000,Transmission,UT,TAT,00:00:00 30-Jul-2022,-43.000000,1,,,,,12,100,0,0,0,0,0,0,0,0,30.5,69.5,0,0,,,,,,,,,,,,,,,,,,,,,,,,,,,,,,,,,,,,,,,,,,,,,,,,,,,,,,,,,,,,
224328,224328,0.500000,Transmission,UT,TAT,06:00:00 30-Jul-2022,-43.000000,1,,,,,12,100,0,0,0,0,0,0,0,0,58.8,41.2,0,0,,,,,,,,,,,,,,,,,,,,,,,,,,,,,,,,,,,,,,,,,,,,,,,,,,,,,,,,,,,,
224328,224328,0.500000,Transmission,UT,TAT,12:00:00 30-Jul-2022,-44.000000,1,,,,,12,100,0,0,0,0,0,0,0,0,99.6,0.4,0,0,,,,,,,,,,,,,,,,,,,,,,,,,,,,,,,,,,,,,,,,,,,,,,,,,,,,,,,,,,,,
224328,224328,0.500000,Transmission,UT,TAT,12:00:00 31-Jul-2022,-45.000000,2,,,,,12,100,0,0,0,0,0,0,0,0,97.3,2.7,0,0,,,,,,,,,,,,,,,,,,,,,,,,,,,,,,,,,,,,,,,,,,,,,,,,,,,,,,,,,,,,
224328,224328,0.500000,Transmission,UT,TAT,18:00:00 31-Jul-2022,-45.000000,1,,,,,12,100,0,0,0,0,0,0,0,0,98.8,1.2,0,0,,,,,,,,,,,,,,,,,,,,,,,,,,,,,,,,,,,,,,,,,,,,,,,,,,,,,,,,,,,,
224328,224328,0.500000,Transmission,UT,TAT,00:00:00 01-Aug-2022,-45.000000,1,,,,,12,100,0,0,0,0,0,0,0,0,68.9,31.1,0,0,,,,,,,,,,,,,,,,,,,,,,,,,,,,,,,,,,,,,,,,,,,,,,,,,,,,,,,,,,,,
224328,224328,0.500000,Transmission,UT,TAT,06:00:00 01-Aug-2022,-45.000000,2,,,,,12,100,0,0,0,0,0,0,0,0,53.2,46.8,0,0,,,,,,,,,,,,,,,,,,,,,,,,,,,,,,,,,,,,,,,,,,,,,,,,,,,,,,,,,,,,
224328,224328,0.500000,Transmission,UT,TAT,12:00:00 01-Aug-2022,-46.000000,2,,,,,12,100,0,0,0,0,0,0,0,0,95.1,4.9,0,0,,,,,,,,,,,,,,,,,,,,,,,,,,,,,,,,,,,,,,,,,,,,,,,,,,,,,,,,,,,,
224328,224328,0.500000,Transmission,UT,TAT,18:00:00 01-Aug-2022,-46.000000,1,,,,,12,100,0,0,0,0,0,0,0,0,99.6,0.4,0,0,,,,,,,,,,,,,,,,,,,,,,,,,,,,,,,,,,,,,,,,,,,,,,,,,,,,,,,,,,,,
224328,224328,0.500000,Transmission,UT,TAT,18:00:00 02-Aug-2022,-47.000000,2,,,,,12,100,0,0,0,0,0,0,0,0,99.6,0.4,0,0,,,,,,,,,,,,,,,,,,,,,,,,,,,,,,,,,,,,,,,,,,,,,,,,,,,,,,,,,,,,
224328,224328,0.500000,Transmission,UT,TAT,00:00:00 03-Aug-2022,-47.000000,2,,,,,12,100,0,0,0,0,0,0,0,0,36.3,63.8,0,0,,,,,,,,,,,,,,,,,,,,,,,,,,,,,,,,,,,,,,,,,,,,,,,,,,,,,,,,,,,,
224328,224328,0.500000,Transmission,UT,TAT,06:00:00 03-Aug-2022,-48.000000,1,,,,,12,100,0,0,0,0,0,0,0,0,3.4,96.6,0,0,,,,,,,,,,,,,,,,,,,,,,,,,,,,,,,,,,,,,,,,,,,,,,,,,,,,,,,,,,,,
224328,224328,0.500000,Transmission,UT,TAT,12:00:00 03-Aug-2022,-48.000000,1,,,,,12,100,0,0,0,0,0,0,0,0,57.0,43.0,0,0,,,,,,,,,,,,,,,,,,,,,,,,,,,,,,,,,,,,,,,,,,,,,,,,,,,,,,,,,,,,
224328,224328,0.500000,Transmission,UT,TAT,00:00:00 04-Aug-2022,-48.000000,1,,,,,12,100,0,0,0,0,0,0,0,0,40.1,59.9,0,0,,,,,,,,,,,,,,,,,,,,,,,,,,,,,,,,,,,,,,,,,,,,,,,,,,,,,,,,,,,,
224328,224328,0.500000,Transmission,UT,TAT,06:00:00 04-Aug-2022,-49.000000,1,,,,,12,100,0,0,0,0,0,0,0,0,0,100,0,0,,,,,,,,,,,,,,,,,,,,,,,,,,,,,,,,,,,,,,,,,,,,,,,,,,,,,,,,,,,,
224328,224328,0.500000,Transmission,UT,TAT,12:00:00 04-Aug-2022,-49.000000,2,,,,,12,100,0,0,0,0,0,0,0,0,18.5,81.5,0,0,,,,,,,,,,,,,,,,,,,,,,,,,,,,,,,,,,,,,,,,,,,,,,,,,,,,,,,,,,,,
224328,224328,0.500000,Transmission,UT,TAT,18:00:00 04-Aug-2022,-49.000000,3,,,,,12,100,0,0,0,0,0,0,0,0,35.6,64.4,0,0,,,,,,,,,,,,,,,,,,,,,,,,,,,,,,,,,,,,,,,,,,,,,,,,,,,,,,,,,,,,
224328,224328,0.500000,Transmission,UT,TAT,00:00:00 05-Aug-2022,-50.000000,3,,,,,12,100,0,0,0,0,0,0,0,0,0,99.2,0.8,0,,,,,,,,,,,,,,,,,,,,,,,,,,,,,,,,,,,,,,,,,,,,,,,,,,,,,,,,,,,,
224328,224328,0.500000,Transmission,UT,TAT,06:00:00 05-Aug-2022,-50.000000,2,,,,,12,100,0,0,0,0,0,0,0,0,0,98.5,1.5,0,,,,,,,,,,,,,,,,,,,,,,,,,,,,,,,,,,,,,,,,,,,,,,,,,,,,,,,,,,,,
224328,224328,0.500000,Transmission,UT,TAT,12:00:00 05-Aug-2022,-50.000000,2,,,,,12,100,0,0,0,0,0,0,0,0,0,100,0,0,,,,,,,,,,,,,,,,,,,,,,,,,,,,,,,,,,,,,,,,,,,,,,,,,,,,,,,,,,,,
224328,224328,0.500000,Transmission,UT,TAT,00:00:00 06-Aug-2022,-51.000000,1,,,,,12,100,0,0,0,0,0,0,0,0,3.0,97.0,0,0,,,,,,,,,,,,,,,,,,,,,,,,,,,,,,,,,,,,,,,,,,,,,,,,,,,,,,,,,,,,
224328,224328,0.500000,Transmission,UT,TAT,06:00:00 06-Aug-2022,-51.000000,1,,,,,12,100,0,0,0,0,0,0,0,0,0,100,0,0,,,,,,,,,,,,,,,,,,,,,,,,,,,,,,,,,,,,,,,,,,,,,,,,,,,,,,,,,,,,
224328,224328,0.500000,Transmission,UT,TAT,18:00:00 06-Aug-2022,-51.000000,1,,,,,12,100,0,0,0,0,0,0,0,0,53.6,46.4,0,0,,,,,,,,,,,,,,,,,,,,,,,,,,,,,,,,,,,,,,,,,,,,,,,,,,,,,,,,,,,,
224328,224328,0.500000,Transmission,UT,TAT,00:00:00 07-Aug-2022,-52.000000,1,,,,,12,100,0,0,0,0,0,0,0,0,0,95.5,4.5,0,,,,,,,,,,,,,,,,,,,,,,,,,,,,,,,,,,,,,,,,,,,,,,,,,,,,,,,,,,,,
224328,224328,0.500000,Transmission,UT,TAT,06:00:00 07-Aug-2022,-52.000000,3,,,,,12,100,0,0,0,0,0,0,0,0,0,100,0,0,,,,,,,,,,,,,,,,,,,,,,,,,,,,,,,,,,,,,,,,,,,,,,,,,,,,,,,,,,,,
224328,224328,0.500000,Transmission,UT,TAT,12:00:00 07-Aug-2022,-52.000000,3,,,,,12,100,0,0,0,0,0,0,0,0,0,100,0,0,,,,,,,,,,,,,,,,,,,,,,,,,,,,,,,,,,,,,,,,,,,,,,,,,,,,,,,,,,,,
224328,224328,0.500000,Transmission,UT,TAT,00:00:00 08-Aug-2022,-53.000000,1,,,,,12,100,0,0,0,0,0,0,0,0,0,99.6,0.4,0,,,,,,,,,,,,,,,,,,,,,,,,,,,,,,,,,,,,,,,,,,,,,,,,,,,,,,,,,,,,
224328,224328,0.500000,Transmission,UT,TAT,06:00:00 08-Aug-2022,-53.000000,1,,,,,12,100,0,0,0,0,0,0,0,0,0,99.2,0.8,0,,,,,,,,,,,,,,,,,,,,,,,,,,,,,,,,,,,,,,,,,,,,,,,,,,,,,,,,,,,,
224328,224328,0.500000,Transmission,UT,TAT,12:00:00 08-Aug-2022,-53.000000,1,,,,,12,100,0,0,0,0,0,0,0,0,0,100,0,0,,,,,,,,,,,,,,,,,,,,,,,,,,,,,,,,,,,,,,,,,,,,,,,,,,,,,,,,,,,,
224328,224328,0.500000,Transmission,UT,TAT,18:00:00 08-Aug-2022,-54.000000,4,,,,,12,100,0,0,0,0,0,0,0,0,20.8,79.2,0,0,,,,,,,,,,,,,,,,,,,,,,,,,,,,,,,,,,,,,,,,,,,,,,,,,,,,,,,,,,,,
224328,224328,0.500000,Transmission,UT,TAT,00:00:00 09-Aug-2022,-54.000000,4,,,,,12,100,0,0,0,0,0,0,0,0,0,97.0,3.0,0,,,,,,,,,,,,,,,,,,,,,,,,,,,,,,,,,,,,,,,,,,,,,,,,,,,,,,,,,,,,
224328,224328,0.500000,Transmission,UT,TAT,06:00:00 09-Aug-2022,-54.000000,2,,,,,12,100,0,0,0,0,0,0,0,0,0,99.6,0.4,0,,,,,,,,,,,,,,,,,,,,,,,,,,,,,,,,,,,,,,,,,,,,,,,,,,,,,,,,,,,,
224328,224328,0.500000,Transmission,UT,TAT,12:00:00 09-Aug-2022,-54.000000,2,,,,,12,100,0,0,0,0,0,0,0,0,0,100,0,0,,,,,,,,,,,,,,,,,,,,,,,,,,,,,,,,,,,,,,,,,,,,,,,,,,,,,,,,,,,,
224328,224328,0.500000,Transmission,UT,TAT,18:00:00 09-Aug-2022,-55.000000,1,,,,,12,100,0,0,0,0,0,0,0,0,8.6,91.4,0,0,,,,,,,,,,,,,,,,,,,,,,,,,,,,,,,,,,,,,,,,,,,,,,,,,,,,,,,,,,,,
224328,224328,0.500000,Transmission,UT,TAT,00:00:00 10-Aug-2022,-55.000000,1,,,,,12,100,0,0,0,0,0,0,0,0,10.2,89.8,0,0,,,,,,,,,,,,,,,,,,,,,,,,,,,,,,,,,,,,,,,,,,,,,,,,,,,,,,,,,,,,
224328,224328,0.500000,Transmission,UT,TAT,06:00:00 10-Aug-2022,-55.000000,1,,,,,12,100,0,0,0,0,0,0,0,0,58.4,41.6,0,0,,,,,,,,,,,,,,,,,,,,,,,,,,,,,,,,,,,,,,,,,,,,,,,,,,,,,,,,,,,,
224328,224328,0.500000,Transmission,UT,TAT,12:00:00 10-Aug-2022,-55.000000,1,,,,,12,100,0,0,0,0,0,0,0,0,99.2,0.8,0,0,,,,,,,,,,,,,,,,,,,,,,,,,,,,,,,,,,,,,,,,,,,,,,,,,,,,,,,,,,,,
224328,224328,0.500000,Transmission,UT,TAT,00:00:00 12-Aug-2022,-57.000000,1,,,,,12,100,0,0,0,0,0,0,0,0,0,100,0,0,,,,,,,,,,,,,,,,,,,,,,,,,,,,,,,,,,,,,,,,,,,,,,,,,,,,,,,,,,,,
224328,224328,0.500000,Transmission,UT,TAT,06:00:00 12-Aug-2022,-57.000000,1,,,,,12,100,0,0,0,0,0,0,0,0,28.4,71.6,0,0,,,,,,,,,,,,,,,,,,,,,,,,,,,,,,,,,,,,,,,,,,,,,,,,,,,,,,,,,,,,
224328,224328,0.500000,Transmission,UT,TAT,12:00:00 12-Aug-2022,-58.000000,1,,,,,12,100,0,0,0,0,0,0,0,0,97.7,2.3,0,0,,,,,,,,,,,,,,,,,,,,,,,,,,,,,,,,,,,,,,,,,,,,,,,,,,,,,,,,,,,,
224328,224328,0.500000,Transmission,UT,TAT,06:00:00 13-Aug-2022,-58.000000,1,,,,,12,100,0,0,0,0,0,0,0,0,42.3,57.7,0,0,,,,,,,,,,,,,,,,,,,,,,,,,,,,,,,,,,,,,,,,,,,,,,,,,,,,,,,,,,,,
224328,224328,0.500000,Transmission,UT,TAT,12:00:00 13-Aug-2022,-59.000000,1,,,,,12,100,0,0,0,0,0,0,0,0,99.2,0.8,0,0,,,,,,,,,,,,,,,,,,,,,,,,,,,,,,,,,,,,,,,,,,,,,,,,,,,,,,,,,,,,
224328,224328,0.500000,Transmission,UT,TAT,18:00:00 13-Aug-2022,-59.000000,1,,,,,12,100,0,0,0,0,0,0,0,0,83.3,16.7,0,0,,,,,,,,,,,,,,,,,,,,,,,,,,,,,,,,,,,,,,,,,,,,,,,,,,,,,,,,,,,,
224328,224328,0.500000,Transmission,UT,TAT,06:00:00 15-Aug-2022,-61.000000,1,,,,,12,100,0,0,0,0,0,0,0,0,55.8,44.2,0,0,,,,,,,,,,,,,,,,,,,,,,,,,,,,,,,,,,,,,,,,,,,,,,,,,,,,,,,,,,,,
224328,224328,0.500000,Transmission,UT,TAT,12:00:00 15-Aug-2022,-61.000000,1,,,,,12,100,0,0,0,0,0,0,0,0,99.2,0.8,0,0,,,,,,,,,,,,,,,,,,,,,,,,,,,,,,,,,,,,,,,,,,,,,,,,,,,,,,,,,,,,
224328,224328,0.500000,Transmission,UT,TAT,18:00:00 15-Aug-2022,-61.000000,2,,,,,12,100,0,0,0,0,0,0,0,0,98.5,1.5,0,0,,,,,,,,,,,,,,,,,,,,,,,,,,,,,,,,,,,,,,,,,,,,,,,,,,,,,,,,,,,,
224328,224328,0.500000,Transmission,UT,TAT,12:00:00 16-Aug-2022,-62.000000,1,,,,,12,100,0,0,0,0,0,0,0,0,99.2,0.8,0,0,,,,,,,,,,,,,,,,,,,,,,,,,,,,,,,,,,,,,,,,,,,,,,,,,,,,,,,,,,,,
224328,224328,0.500000,Transmission,UT,TAT,06:00:00 17-Aug-2022,-63.000000,2,,,,,12,100,0,0,0,0,0,0,0,0,91.1,8.9,0,0,,,,,,,,,,,,,,,,,,,,,,,,,,,,,,,,,,,,,,,,,,,,,,,,,,,,,,,,,,,,
224328,224328,0.500000,Transmission,UT,TAT,12:00:00 17-Aug-2022,-63.000000,2,,,,,12,100,0,0,0,0,0,0,0,0,100,0,0,0,,,,,,,,,,,,,,,,,,,,,,,,,,,,,,,,,,,,,,,,,,,,,,,,,,,,,,,,,,,,
224328,224328,0.500000,Transmission,UT,TAT,18:00:00 17-Aug-2022,-63.000000,2,,,,,12,100,0,0,0,0,0,0,0,0,100,0,0,0,,,,,,,,,,,,,,,,,,,,,,,,,,,,,,,,,,,,,,,,,,,,,,,,,,,,,,,,,,,,
224328,224328,0.500000,Transmission,UT,TAT,00:00:00 18-Aug-2022,-64.000000,1,,,,,12,100,0,0,0,0,0,0,0,0,62.2,37.8,0,0,,,,,,,,,,,,,,,,,,,,,,,,,,,,,,,,,,,,,,,,,,,,,,,,,,,,,,,,,,,,
224328,224328,0.500000,Transmission,UT,TAT,06:00:00 18-Aug-2022,-64.000000,1,,,,,12,100,0,0,0,0,0,0,0,0,75.2,24.8,0,0,,,,,,,,,,,,,,,,,,,,,,,,,,,,,,,,,,,,,,,,,,,,,,,,,,,,,,,,,,,,
224328,224328,0.500000,Transmission,UT,TAT,18:00:00 18-Aug-2022,-64.000000,3,,,,,12,100,0,0,0,0,0,0,0,0,100,0,0,0,,,,,,,,,,,,,,,,,,,,,,,,,,,,,,,,,,,,,,,,,,,,,,,,,,,,,,,,,,,,
224328,224328,0.500000,Transmission,UT,TAT,00:00:00 19-Aug-2022,-65.000000,3,,,,,12,100,0,0,0,0,0,0,0,0,99.6,0.4,0,0,,,,,,,,,,,,,,,,,,,,,,,,,,,,,,,,,,,,,,,,,,,,,,,,,,,,,,,,,,,,
224328,224328,0.500000,Transmission,UT,TAT,06:00:00 19-Aug-2022,-65.000000,3,,,,,12,100,0,0,0,0,0,0,0,0,81.2,18.8,0,0,,,,,,,,,,,,,,,,,,,,,,,,,,,,,,,,,,,,,,,,,,,,,,,,,,,,,,,,,,,,
224328,224328,0.500000,Transmission,UT,TAT,12:00:00 19-Aug-2022,-65.000000,3,,,,,12,100,0,0,0,0,0,0,0,0,100,0,0,0,,,,,,,,,,,,,,,,,,,,,,,,,,,,,,,,,,,,,,,,,,,,,,,,,,,,,,,,,,,,
224328,224328,0.500000,Transmission,UT,TAT,18:00:00 19-Aug-2022,-65.000000,2,,,,,12,100,0,0,0,0,0,0,0,0,99.6,0.4,0,0,,,,,,,,,,,,,,,,,,,,,,,,,,,,,,,,,,,,,,,,,,,,,,,,,,,,,,,,,,,,
224328,224328,0.500000,Transmission,UT,TAT,06:00:00 20-Aug-2022,-66.000000,1,,,,,12,100,0,0,0,0,0,0,0,0,0.4,99.6,0,0,,,,,,,,,,,,,,,,,,,,,,,,,,,,,,,,,,,,,,,,,,,,,,,,,,,,,,,,,,,,
224328,224328,0.500000,Transmission,UT,TAT,12:00:00 20-Aug-2022,-66.000000,1,,,,,12,100,0,0,0,0,0,0,0,0,82.0,18.0,0,0,,,,,,,,,,,,,,,,,,,,,,,,,,,,,,,,,,,,,,,,,,,,,,,,,,,,,,,,,,,,
224328,224328,0.500000,Transmission,UT,TAT,18:00:00 20-Aug-2022,-67.000000,1,,,,,12,100,0,0,0,0,0,0,0,0,100,0,0,0,,,,,,,,,,,,,,,,,,,,,,,,,,,,,,,,,,,,,,,,,,,,,,,,,,,,,,,,,,,,
224328,224328,0.500000,Transmission,UT,TAT,00:00:00 21-Aug-2022,-67.000000,2,,,,,12,100,0,0,0,0,0,0,0,0,57.7,42.3,0,0,,,,,,,,,,,,,,,,,,,,,,,,,,,,,,,,,,,,,,,,,,,,,,,,,,,,,,,,,,,,
224328,224328,0.500000,Transmission,UT,TAT,06:00:00 21-Aug-2022,-67.000000,4,,,,,12,100,0,0,0,0,0,0,0,0,51,49,0,0,,,,,,,,,,,,,,,,,,,,,,,,,,,,,,,,,,,,,,,,,,,,,,,,,,,,,,,,,,,,
224328,224328,0.500000,Transmission,UT,TAT,12:00:00 21-Aug-2022,-67.000000,4,,,,,12,100,0,0,0,0,0,0,0,0,99.2,0.8,0,0,,,,,,,,,,,,,,,,,,,,,,,,,,,,,,,,,,,,,,,,,,,,,,,,,,,,,,,,,,,,
224328,224328,0.500000,Transmission,UT,TAT,18:00:00 21-Aug-2022,-68.000000,3,,,,,12,100,0,0,0,0,0,0,0,0,99.6,0.4,0,0,,,,,,,,,,,,,,,,,,,,,,,,,,,,,,,,,,,,,,,,,,,,,,,,,,,,,,,,,,,,
224328,224328,0.500000,Transmission,UT,TAT,00:00:00 22-Aug-2022,-68.000000,1,,,,,12,100,0,0,0,0,0,0,0,0,99.6,0.4,0,0,,,,,,,,,,,,,,,,,,,,,,,,,,,,,,,,,,,,,,,,,,,,,,,,,,,,,,,,,,,,
224328,224328,0.500000,Transmission,UT,TAT,06:00:00 22-Aug-2022,-68.000000,1,,,,,12,100,0,0,0,0,0,0,0,0,99.6,0.4,0,0,,,,,,,,,,,,,,,,,,,,,,,,,,,,,,,,,,,,,,,,,,,,,,,,,,,,,,,,,,,,
224328,224328,0.500000,Transmission,UT,TAT,06:00:00 23-Aug-2022,-69.000000,1,,,,,12,100,0,0,0,0,0,0,0,0,67.3,32.7,0,0,,,,,,,,,,,,,,,,,,,,,,,,,,,,,,,,,,,,,,,,,,,,,,,,,,,,,,,,,,,,
224328,224328,0.500000,Transmission,UT,TAT,12:00:00 23-Aug-2022,-70.000000,2,,,,,12,100,0,0,0,0,0,0,0,0,100,0,0,0,,,,,,,,,,,,,,,,,,,,,,,,,,,,,,,,,,,,,,,,,,,,,,,,,,,,,,,,,,,,
224328,224328,0.500000,Transmission,UT,TAT,00:00:00 24-Aug-2022,-70.000000,3,,,,,12,100,0,0,0,0,0,0,0,0,30.3,69.7,0,0,,,,,,,,,,,,,,,,,,,,,,,,,,,,,,,,,,,,,,,,,,,,,,,,,,,,,,,,,,,,
224328,224328,0.500000,Transmission,UT,TAT,06:00:00 24-Aug-2022,-70.000000,3,,,,,12,100,0,0,0,0,0,0,0,0,27.6,72.4,0,0,,,,,,,,,,,,,,,,,,,,,,,,,,,,,,,,,,,,,,,,,,,,,,,,,,,,,,,,,,,,
224328,224328,0.500000,Transmission,UT,TAT,18:00:00 24-Aug-2022,-71.000000,1,,,,,12,100,0,0,0,0,0,0,0,0,85.6,14.4,0,0,,,,,,,,,,,,,,,,,,,,,,,,,,,,,,,,,,,,,,,,,,,,,,,,,,,,,,,,,,,,
224328,224328,0.500000,Transmission,UT,TAT,00:00:00 25-Aug-2022,-71.000000,1,,,,,12,100,0,0,0,0,0,0,0,0,0.3,78.9,20.4,0.3,,,,,,,,,,,,,,,,,,,,,,,,,,,,,,,,,,,,,,,,,,,,,,,,,,,,,,,,,,,,
224328,224328,0.500000,Transmission,UT,TAT,06:00:00 25-Aug-2022,-71.000000,3,,,,,12,100,0,0,0,0,0,0,0,0,0,53.8,44.5,1.7,,,,,,,,,,,,,,,,,,,,,,,,,,,,,,,,,,,,,,,,,,,,,,,,,,,,,,,,,,,,
224328,224328,0.500000,Transmission,UT,TAT,12:00:00 25-Aug-2022,-72.000000,4,,,,,12,100,0,0,0,0,0,0,0,0,0,100,0,0,,,,,,,,,,,,,,,,,,,,,,,,,,,,,,,,,,,,,,,,,,,,,,,,,,,,,,,,,,,,
224328,224328,0.500000,Transmission,UT,TAT,12:00:00 26-Aug-2022,-73.000000,1,,,,,12,100,0,0,0,0,0,0,0,0,99.6,0.4,0,0,,,,,,,,,,,,,,,,,,,,,,,,,,,,,,,,,,,,,,,,,,,,,,,,,,,,,,,,,,,,
224328,224328,0.500000,Transmission,UT,TAT,18:00:00 26-Aug-2022,-73.000000,3,,,,,12,100,0,0,0,0,0,0,0,0,93.4,6.6,0,0,,,,,,,,,,,,,,,,,,,,,,,,,,,,,,,,,,,,,,,,,,,,,,,,,,,,,,,,,,,,
224328,224328,0.500000,Transmission,UT,TAT,00:00:00 27-Aug-2022,-73.000000,3,,,,,12,100,0,0,0,0,0,0,0,0,0.4,99.6,0,0,,,,,,,,,,,,,,,,,,,,,,,,,,,,,,,,,,,,,,,,,,,,,,,,,,,,,,,,,,,,
224328,224328,0.500000,Transmission,UT,TAT,06:00:00 27-Aug-2022,-74.000000,2,,,,,12,100,0,0,0,0,0,0,0,0,54.1,45.9,0,0,,,,,,,,,,,,,,,,,,,,,,,,,,,,,,,,,,,,,,,,,,,,,,,,,,,,,,,,,,,,
224328,224328,0.500000,Transmission,UT,TAT,12:00:00 27-Aug-2022,-74.000000,2,,,,,12,100,0,0,0,0,0,0,0,0,99.6,0.4,0,0,,,,,,,,,,,,,,,,,,,,,,,,,,,,,,,,,,,,,,,,,,,,,,,,,,,,,,,,,,,,
224328,224328,0.500000,Transmission,UT,TAT,00:00:00 28-Aug-2022,-74.000000,1,,,,,12,100,0,0,0,0,0,0,0,0,2.4,76.1,21.5,0,,,,,,,,,,,,,,,,,,,,,,,,,,,,,,,,,,,,,,,,,,,,,,,,,,,,,,,,,,,,
224328,224328,0.500000,Transmission,UT,TAT,06:00:00 28-Aug-2022,-75.000000,1,,,,,12,100.000000,0,0,0,0,0,0,0,0,18.5,81.2,0.3,0,,,,,,,,,,,,,,,,,,,,,,,,,,,,,,,,,,,,,,,,,,,,,,,,,,,,,,,,,,,,
224328,224328,0.500000,Transmission,UT,TAT,18:00:00 28-Aug-2022,-75.000000,1,,,,,12,100,0,0,0,0,0,0,0,0,76.8,23.2,0,0,,,,,,,,,,,,,,,,,,,,,,,,,,,,,,,,,,,,,,,,,,,,,,,,,,,,,,,,,,,,
224328,224328,0.500000,Transmission,UT,TAT,00:00:00 29-Aug-2022,-75.000000,1,,,,,12,100,0,0,0,0,0,0,0,0,0,100,0,0,,,,,,,,,,,,,,,,,,,,,,,,,,,,,,,,,,,,,,,,,,,,,,,,,,,,,,,,,,,,
224328,224328,0.500000,Transmission,UT,TAT,06:00:00 29-Aug-2022,-76.000000,1,,,,,12,100,0,0,0,0,0,0,0,0,0,98.1,1.9,0,,,,,,,,,,,,,,,,,,,,,,,,,,,,,,,,,,,,,,,,,,,,,,,,,,,,,,,,,,,,
224328,224328,0.500000,Transmission,UT,TAT,12:00:00 29-Aug-2022,-76.000000,1,,,,,12,100,0,0,0,0,0,0,0,0,0,100,0,0,,,,,,,,,,,,,,,,,,,,,,,,,,,,,,,,,,,,,,,,,,,,,,,,,,,,,,,,,,,,
224328,224328,0.500000,Transmission,UT,TAT,00:00:00 30-Aug-2022,-77.000000,2,,,,,12,100,0,0,0,0,0,0,0,0,0,87.0,13.0,0,,,,,,,,,,,,,,,,,,,,,,,,,,,,,,,,,,,,,,,,,,,,,,,,,,,,,,,,,,,,
224328,224328,0.500000,Transmission,UT,TAT,06:00:00 30-Aug-2022,-77.000000,2,,,,,12,100,0,0,0,0,0,0,0,0,0,100,0,0,,,,,,,,,,,,,,,,,,,,,,,,,,,,,,,,,,,,,,,,,,,,,,,,,,,,,,,,,,,,
224328,224328,0.500000,Transmission,UT,TAT,18:00:00 30-Aug-2022,-77.000000,2,,,,,12,100,0,0,0,0,0,0,0,0,99.6,0.4,0,0,,,,,,,,,,,,,,,,,,,,,,,,,,,,,,,,,,,,,,,,,,,,,,,,,,,,,,,,,,,,
224328,224328,0.500000,Transmission,UT,TAT,00:00:00 31-Aug-2022,-78.000000,3,,,,,12,100,0,0,0,0,0,0,0,0,34.9,65.1,0,0,,,,,,,,,,,,,,,,,,,,,,,,,,,,,,,,,,,,,,,,,,,,,,,,,,,,,,,,,,,,
224328,224328,0.500000,Transmission,UT,TAT,06:00:00 31-Aug-2022,-78.000000,1,,,,,12,100,0,0,0,0,0,0,0,0,73.3,26.7,0,0,,,,,,,,,,,,,,,,,,,,,,,,,,,,,,,,,,,,,,,,,,,,,,,,,,,,,,,,,,,,
224328,224328,0.500000,Transmission,UT,TAT,12:00:00 31-Aug-2022,-78.000000,1,,,,,12,100,0,0,0,0,0,0,0,0,99.6,0.4,0,0,,,,,,,,,,,,,,,,,,,,,,,,,,,,,,,,,,,,,,,,,,,,,,,,,,,,,,,,,,,,
224328,224328,0.500000,Transmission,UT,TAT,18:00:00 31-Aug-2022,-78.000000,3,,,,,12,100,0,0,0,0,0,0,0,0,100,0,0,0,,,,,,,,,,,,,,,,,,,,,,,,,,,,,,,,,,,,,,,,,,,,,,,,,,,,,,,,,,,,
224328,224328,0.500000,Transmission,UT,TAT,00:00:00 01-Sep-2022,-79.000000,1,,,,,12,100,0,0,0,0,0,0,0,0,22.0,78.0,0,0,,,,,,,,,,,,,,,,,,,,,,,,,,,,,,,,,,,,,,,,,,,,,,,,,,,,,,,,,,,,
224328,224328,0.500000,Transmission,UT,TAT,06:00:00 01-Sep-2022,-79.000000,1,,,,,12,100,0,0,0,0,0,0,0,0,0,93.1,6.9,0,,,,,,,,,,,,,,,,,,,,,,,,,,,,,,,,,,,,,,,,,,,,,,,,,,,,,,,,,,,,
224328,224328,0.500000,Transmission,UT,TAT,18:00:00 01-Sep-2022,-80.000000,1,,,,,12,100,0,0,0,0,0,0,0,0,12.1,87.9,0,0,,,,,,,,,,,,,,,,,,,,,,,,,,,,,,,,,,,,,,,,,,,,,,,,,,,,,,,,,,,,
224328,224328,0.500000,Transmission,UT,TAT,00:00:00 02-Sep-2022,-80.000000,1,,,,,12,100,0,0,0,0,0,0,0,0,0,8.3,91.7,0,,,,,,,,,,,,,,,,,,,,,,,,,,,,,,,,,,,,,,,,,,,,,,,,,,,,,,,,,,,,
224328,224328,0.500000,Transmission,UT,TAT,06:00:00 02-Sep-2022,-80.000000,1,,,,,12,100,0,0,0,0,0,0,0,0,0,57.6,42.4,0,,,,,,,,,,,,,,,,,,,,,,,,,,,,,,,,,,,,,,,,,,,,,,,,,,,,,,,,,,,,
224328,224328,0.500000,Transmission,UT,TAT,12:00:00 02-Sep-2022,-80.000000,1,,,,,12,100,0,0,0,0,0,0,0,0,0,100,0,0,,,,,,,,,,,,,,,,,,,,,,,,,,,,,,,,,,,,,,,,,,,,,,,,,,,,,,,,,,,,
224328,224328,0.500000,Transmission,UT,TAT,18:00:00 02-Sep-2022,-81.000000,2,,,,,12,100,0,0,0,0,0,0,0,0,0,100,0,0,,,,,,,,,,,,,,,,,,,,,,,,,,,,,,,,,,,,,,,,,,,,,,,,,,,,,,,,,,,,
224328,224328,0.500000,Transmission,UT,TAT,00:00:00 03-Sep-2022,-81.000000,1,,,,,12,100,0,0,0,0,0,0,0,0,0,57.3,42.7,0,,,,,,,,,,,,,,,,,,,,,,,,,,,,,,,,,,,,,,,,,,,,,,,,,,,,,,,,,,,,
224328,224328,0.500000,Transmission,UT,TAT,06:00:00 03-Sep-2022,-81.000000,1,,,,,12,100,0,0,0,0,0,0,0,0,0,47.1,52.9,0,,,,,,,,,,,,,,,,,,,,,,,,,,,,,,,,,,,,,,,,,,,,,,,,,,,,,,,,,,,,
224328,224328,0.500000,Transmission,UT,TAT,18:00:00 03-Sep-2022,-82.000000,2,,,,,12,100,0,0,0,0,0,0,0,0,0,99.6,0.4,0,,,,,,,,,,,,,,,,,,,,,,,,,,,,,,,,,,,,,,,,,,,,,,,,,,,,,,,,,,,,
224328,224328,0.500000,Transmission,UT,TAT,00:00:00 04-Sep-2022,-82.000000,2,,,,,12,100,0,0,0,0,0,0,0,0,0,7.7,89.5,2.8,,,,,,,,,,,,,,,,,,,,,,,,,,,,,,,,,,,,,,,,,,,,,,,,,,,,,,,,,,,,
224328,224328,0.500000,Transmission,UT,TAT,06:00:00 04-Sep-2022,-82.000000,1,,,,,12,100,0,0,0,0,0,0,0,0,0,15,85,0,,,,,,,,,,,,,,,,,,,,,,,,,,,,,,,,,,,,,,,,,,,,,,,,,,,,,,,,,,,,
224328,224328,0.500000,Transmission,UT,TAT,12:00:00 04-Sep-2022,-83.000000,1,,,,,12,100,0,0,0,0,0,0,0,0,0,99.6,0.4,0,,,,,,,,,,,,,,,,,,,,,,,,,,,,,,,,,,,,,,,,,,,,,,,,,,,,,,,,,,,,
224328,224328,0.500000,Transmission,UT,TAT,18:00:00 04-Sep-2022,-83.000000,1,,,,,12,100,0,0,0,0,0,0,0,0,0,99.6,0.4,0,,,,,,,,,,,,,,,,,,,,,,,,,,,,,,,,,,,,,,,,,,,,,,,,,,,,,,,,,,,,
224328,224328,0.500000,Transmission,UT,TAT,00:00:00 05-Sep-2022,-83.000000,1,,,,,12,100,0,0,0,0,0,0,0,0,0,91.4,8.6,0,,,,,,,,,,,,,,,,,,,,,,,,,,,,,,,,,,,,,,,,,,,,,,,,,,,,,,,,,,,,
224328,224328,0.500000,Transmission,UT,TAT,06:00:00 05-Sep-2022,-83.000000,1,,,,,12,100,0,0,0,0,0,0,0,0,0,58.9,41.1,0,,,,,,,,,,,,,,,,,,,,,,,,,,,,,,,,,,,,,,,,,,,,,,,,,,,,,,,,,,,,
224328,224328,0.500000,Transmission,UT,TAT,18:00:00 05-Sep-2022,-84.000000,3,,,,,12,100,0,0,0,0,0,0,0,0,0,87.3,12.7,0,,,,,,,,,,,,,,,,,,,,,,,,,,,,,,,,,,,,,,,,,,,,,,,,,,,,,,,,,,,,
224328,224328,0.500000,Transmission,UT,TAT,00:00:00 06-Sep-2022,-84.000000,3,,,,,12,100,0,0,0,0,0,0,0,0,0,0.2,40.3,59.4,,,,,,,,,,,,,,,,,,,,,,,,,,,,,,,,,,,,,,,,,,,,,,,,,,,,,,,,,,,,
224328,224328,0.500000,Transmission,UT,TAT,06:00:00 06-Sep-2022,-84.000000,2,,,,,12,100,0,0,0,0,0,0,0,0,0,0,57.4,42.6,,,,,,,,,,,,,,,,,,,,,,,,,,,,,,,,,,,,,,,,,,,,,,,,,,,,,,,,,,,,
224328,224328,0.500000,Transmission,UT,TAT,12:00:00 06-Sep-2022,-85.000000,2,,,,,12,100,0,0,0,0,0,0,0,0,0,14.4,85.6,0,,,,,,,,,,,,,,,,,,,,,,,,,,,,,,,,,,,,,,,,,,,,,,,,,,,,,,,,,,,,
224328,224328,0.500000,Transmission,UT,Percent,04:00:00 13-Jul-2022,-25.000000,2,,,,,24,,,,,,50,3,3,3,3,3,3,3,3,3,3,3,3,3,3,3,3,3,3,3,,,,,,,,,,,,,,,,,,,,,,,,,,,,,,,,,,,,,,,,,,,,,,,,
224328,224328,0.500000,Transmission,UT,Percent,00:00:00 14-Jul-2022,-26.000000,1,,,,,24,,3,3,3,3,3,3,3,3,3,3,3,3,3,3,3,3,3,3,3,3,3,3,3,3,,,,,,,,,,,,,,,,,,,,,,,,,,,,,,,,,,,,,,,,,,,,,,,,
224328,224328,0.500000,Transmission,UT,Percent,00:00:00 16-Jul-2022,-28.000000,1,,,,,24,,3,3,3,3,3,3,3,3,3,3,3,3,3,3,3,3,3,3,3,3,3,3,3,3,,,,,,,,,,,,,,,,,,,,,,,,,,,,,,,,,,,,,,,,,,,,,,,,
224328,224328,0.500000,Transmission,UT,Percent,00:00:00 19-Jul-2022,-31.000000,2,,,,,24,,3,3,3,3,3,3,3,3,3,3,3,3,3,3,3,3,3,3,3,3,3,3,3,3,,,,,,,,,,,,,,,,,,,,,,,,,,,,,,,,,,,,,,,,,,,,,,,,
224328,224328,0.500000,Transmission,UT,Percent,00:00:00 21-Jul-2022,-33.000000,1,,,,,24,,3,3,3,3,3,3,3,3,3,3,3,3,3,3,3,3,3,3,3,3,3,3,3,3,,,,,,,,,,,,,,,,,,,,,,,,,,,,,,,,,,,,,,,,,,,,,,,,
224328,224328,0.500000,Transmission,UT,Percent,00:00:00 23-Jul-2022,-35.000000,1,,,,,24,,3,3,3,3,3,3,3,3,3,3,3,3,3,3,3,3,3,3,3,3,3,3,3,3,,,,,,,,,,,,,,,,,,,,,,,,,,,,,,,,,,,,,,,,,,,,,,,,
224328,224328,0.500000,Transmission,UT,Percent,00:00:00 24-Jul-2022,-37.000000,2,,,,,24,,3,3,3,3,3,3,3,3,3,3,3,3,3,3,3,3,3,3,3,3,3,3,3,3,,,,,,,,,,,,,,,,,,,,,,,,,,,,,,,,,,,,,,,,,,,,,,,,
224328,224328,0.500000,Transmission,UT,Percent,00:00:00 26-Jul-2022,-39.000000,1,,,,,24,,3,3,3,3,3,3,3,3,3,3,3,3,3,3,3,3,3,3,3,3,3,3,3,3,,,,,,,,,,,,,,,,,,,,,,,,,,,,,,,,,,,,,,,,,,,,,,,,
224328,224328,0.500000,Transmission,UT,Percent,00:00:00 27-Jul-2022,-40.000000,3,,,,,24,,3,3,3,3,3,3,3,3,3,3,3,3,3,3,3,3,3,3,3,3,3,3,3,3,,,,,,,,,,,,,,,,,,,,,,,,,,,,,,,,,,,,,,,,,,,,,,,,
224328,224328,0.500000,Transmission,UT,Percent,00:00:00 28-Jul-2022,-41.000000,2,,,,,24,,3,3,3,3,3,3,3,3,3,3,3,3,3,3,3,3,3,3,3,3,3,3,3,3,,,,,,,,,,,,,,,,,,,,,,,,,,,,,,,,,,,,,,,,,,,,,,,,
224328,224328,0.500000,Transmission,UT,Percent,00:00:00 29-Jul-2022,-42.000000,1,,,,,24,,3,3,3,3,3,3,3,3,3,3,3,3,3,3,3,3,3,3,3,3,3,3,3,3,,,,,,,,,,,,,,,,,,,,,,,,,,,,,,,,,,,,,,,,,,,,,,,,
224328,224328,0.500000,Transmission,UT,Percent,00:00:00 31-Jul-2022,-44.000000,2,,,,,24,,3,3,3,3,3,3,3,3,3,0,3,3,3,3,3,3,3,3,3,3,3,3,3,3,,,,,,,,,,,,,,,,,,,,,,,,,,,,,,,,,,,,,,,,,,,,,,,,
224328,224328,0.500000,Transmission,UT,Percent,00:00:00 01-Aug-2022,-45.000000,1,,,,,24,,3,3,3,3,3,3,10,3,3,3,3,3,3,3,3,3,3,3,3,3,3,3,3,3,,,,,,,,,,,,,,,,,,,,,,,,,,,,,,,,,,,,,,,,,,,,,,,,
224328,224328,0.500000,Transmission,UT,Percent,00:00:00 04-Aug-2022,-48.000000,2,,,,,24,,3,3,3,3,3,3,3,3,3,3,3,3,3,3,3,3,3,3,3,3,3,3,3,3,,,,,,,,,,,,,,,,,,,,,,,,,,,,,,,,,,,,,,,,,,,,,,,,
224328,224328,0.500000,Transmission,UT,Percent,00:00:00 08-Aug-2022,-53.000000,2,,,,,24,,3,3,3,3,3,3,3,3,3,3,3,3,3,3,3,3,3,3,3,3,3,3,3,3,,,,,,,,,,,,,,,,,,,,,,,,,,,,,,,,,,,,,,,,,,,,,,,,
224328,224328,0.500000,Transmission,UT,Percent,00:00:00 09-Aug-2022,-54.000000,1,,,,,24,,3,3,3,3,3,3,3,3,3,3,3,3,3,10,3,3,3,3,3,3,3,3,3,3,,,,,,,,,,,,,,,,,,,,,,,,,,,,,,,,,,,,,,,,,,,,,,,,
224328,224328,0.500000,Transmission,UT,Percent,00:00:00 10-Aug-2022,-55.000000,1,,,,,24,,3,3,3,3,3,3,3,3,3,3,3,3,3,3,3,3,3,3,3,3,3,3,3,3,,,,,,,,,,,,,,,,,,,,,,,,,,,,,,,,,,,,,,,,,,,,,,,,
224328,224328,0.500000,Transmission,UT,Percent,00:00:00 12-Aug-2022,-57.000000,1,,,,,24,,3,3,3,3,3,3,3,3,3,3,3,3,3,3,3,3,10,3,3,3,3,3,3,3,,,,,,,,,,,,,,,,,,,,,,,,,,,,,,,,,,,,,,,,,,,,,,,,
224328,224328,0.500000,Transmission,UT,Percent,00:00:00 13-Aug-2022,-58.000000,1,,,,,24,,3,3,3,3,3,3,3,3,3,3,3,3,3,3,3,3,3,3,3,3,3,3,3,3,,,,,,,,,,,,,,,,,,,,,,,,,,,,,,,,,,,,,,,,,,,,,,,,
224328,224328,0.500000,Transmission,UT,Percent,00:00:00 15-Aug-2022,-60.000000,2,,,,,24,,3,3,3,3,3,3,3,3,3,3,3,3,3,3,3,3,3,3,3,3,3,3,3,3,,,,,,,,,,,,,,,,,,,,,,,,,,,,,,,,,,,,,,,,,,,,,,,,
224328,224328,0.500000,Transmission,UT,Percent,00:00:00 16-Aug-2022,-61.000000,1,,,,,24,,3,3,3,3,3,3,3,3,3,3,3,3,3,3,3,3,3,3,3,3,3,3,3,3,,,,,,,,,,,,,,,,,,,,,,,,,,,,,,,,,,,,,,,,,,,,,,,,
224328,224328,0.500000,Transmission,UT,Percent,00:00:00 17-Aug-2022,-62.000000,1,,,,,24,,3,3,3,3,3,3,3,3,3,3,3,3,3,3,3,3,3,3,3,3,3,3,3,3,,,,,,,,,,,,,,,,,,,,,,,,,,,,,,,,,,,,,,,,,,,,,,,,
224328,224328,0.500000,Transmission,UT,Percent,00:00:00 19-Aug-2022,-65.000000,2,,,,,24,,3,3,3,3,3,3,3,3,3,3,3,3,3,3,3,3,3,3,3,3,3,3,3,3,,,,,,,,,,,,,,,,,,,,,,,,,,,,,,,,,,,,,,,,,,,,,,,,
224328,224328,0.500000,Transmission,UT,Percent,00:00:00 20-Aug-2022,-66.000000,1,,,,,24,,3,3,3,3,3,3,3,3,3,3,3,3,3,3,3,3,3,3,3,3,3,3,3,3,,,,,,,,,,,,,,,,,,,,,,,,,,,,,,,,,,,,,,,,,,,,,,,,
224328,224328,0.500000,Transmission,UT,Percent,00:00:00 21-Aug-2022,-67.000000,3,,,,,24,,3,3,3,3,3,3,3,3,3,3,3,3,3,3,3,10,3,3,3,3,3,3,3,3,,,,,,,,,,,,,,,,,,,,,,,,,,,,,,,,,,,,,,,,,,,,,,,,
224328,224328,0.500000,Transmission,UT,Percent,00:00:00 26-Aug-2022,-72.000000,3,,,,,24,,3,3,3,3,3,3,3,3,3,3,3,3,3,3,3,3,3,3,3,3,3,3,3,3,,,,,,,,,,,,,,,,,,,,,,,,,,,,,,,,,,,,,,,,,,,,,,,,
224328,224328,0.500000,Transmission,UT,Percent,00:00:00 31-Aug-2022,-78.000000,3,,,,,24,,3,3,3,3,3,3,3,3,3,3,3,3,3,3,3,3,3,3,3,3,3,3,3,3,,,,,,,,,,,,,,,,,,,,,,,,,,,,,,,,,,,,,,,,,,,,,,,,
224328,224328,0.500000,Transmission,UT,Percent,00:00:00 02-Sep-2022,-80.000000,2,,,,,24,,3,3,3,3,3,3,3,3,3,3,3,3,3,3,3,3,3,3,3,3,3,3,3,3,,,,,,,,,,,,,,,,,,,,,,,,,,,,,,,,,,,,,,,,,,,,,,,,
224328,224328,0.500000,Transmission,UT,Percent,00:00:00 04-Sep-2022,-82.000000,1,,,,,24,,3,3,3,3,3,3,3,3,3,3,3,3,3,3,3,3,3,3,3,3,3,3,3,3,,,,,,,,,,,,,,,,,,,,,,,,,,,,,,,,,,,,,,,,,,,,,,,,
